Web_pageurl,Product_Title,Product_price,Product_imagelink,Product_Details
https://www.amazon.de/dp/000004458X,Old Spice Shaving Cream - 70 g (original) - Pack of 2,"€8
00","https://m.media-amazon.com/images/I/41xHbjdSXJL._SX450_PIbundle-2,TopRight,0,0_SX450SY281SH20_.jpg","Item Package Dimensions L x W x H 18.3 x 6.7 x 3.9 centimetres
Package Weight 0.18 Kilograms
Item Weight 0.15 Pounds
Manufacturer Old Spice
Brand Name Old Spice
Item Form Creme,Schaum
Scent Rasur
Item model number SG_000004458X_US
Package Dimensions 18.29 x 6.71 x 3.91 cm; 68.04 Grams
ASIN 000004458X"
https://www.amazon.de/dp/000101742X,Short Story: Violoncello und Klavier. (Cello-Bibliothek),€16.00,"https://images-na.ssl-images-amazon.com/images/I/41zw0783tpL._SX380_BO1,204,203,200_.jpg","Product details
Publisher : SCHOTT MUSIC GmbH & Co KG, Mainz (6 Feb. 1986)
Language : French
Sheet music : 10 pages
ISBN-10 : 000101742X
ISBN-13 : 978-0001017429"
https://www.amazon.fr/dp/000101742X,Short story (dushkin/hegyi) violon,"à partir de 23,72 €","https://images-na.ssl-images-amazon.com/images/I/41zw0783tpL._SX380_BO1,204,203,200_.jpg","Détails sur le produit
Éditeur : SCHOTT (1 janvier 2000)
Langue : Français
ISBN-10 : 000101742X
ISBN-13 : 978-0001017429
Poids de l'article : 601 g"
https://www.amazon.de/dp/000102163X,"Concerto grosso g-Moll: Weihnachtskonzert. op. 6/8. 2 Violinen, Violoncello, Streichorchester und Cembalo. Partitur. (Concertino)",€17.52,"https://images-na.ssl-images-amazon.com/images/I/51sNFyf2t6L._SX378_BO1,204,203,200_.jpg","Product details
Publisher : SCHOTT MUSIC GmbH & Co KG, Mainz (24 Feb. 1984)
Language : French
Sheet music : 30 pages
ISBN-10 : 000102163X
ISBN-13 : 978-0001021631
Best Sellers Rank: 2,449,858 in Books (See Top 100 in Books)
4,049 in Strings Songbooks
5,650 in Piano & Keyboards Songbooks
24,153 in Piano, Vocal & Guitar Songbooks"
https://www.amazon.fr/dp/000102163X,Concerto grosso 8 g opus 6 partitu,"à partir de 13,51 €","https://images-na.ssl-images-amazon.com/images/I/51sNFyf2t6L._SX378_BO1,204,203,200_.jpg","Détails sur le produit
Éditeur : SCHOTT (1 janvier 2000)
Langue : Français
ISBN-10 : 000102163X
ISBN-13 : 978-0001021631
Poids de l'article : 358 g"
https://www.amazon.de/dp/000103863X,Concertino B-Dur: Violine und Orchester. Klavierauszug mit Solostimme. (Edition Schott),€12.65,"https://images-na.ssl-images-amazon.com/images/I/41HnYQBk7PL._SX379_BO1,204,203,200_.jpg","Product details
Publisher : SCHOTT MUSIC GmbH & Co KG, Mainz (18 Jan. 1980)
Language : French
Sheet music : 28 pages
ISBN-10 : 000103863X
ISBN-13 : 979-0001038638
Best Sellers Rank: 5,050,697 in Books (See Top 100 in Books)
6,861 in Strings Songbooks
43,814 in Piano, Vocal & Guitar Songbooks
3,528,647 in Foreign Language Books"
https://www.amazon.fr/dp/000103863X,Concertino bes violon,"à partir de 14,69 €","https://images-na.ssl-images-amazon.com/images/I/41HnYQBk7PL._SX379_BO1,204,203,200_.jpg","Détails sur le produit
Éditeur : SCHOTT (1 janvier 2000)
Langue : Français
ISBN-10 : 000103863X
ISBN-13 : 979-0001038638
Poids de l'article : 701 g"
https://www.amazon.de/dp/000104317X,"Concerto in E flat ""Dumbarton Oaks"": für Kammerorchester. Kammerorchester. Studienpartitur. (Musik unserer Zeit)",€18.00,"https://images-na.ssl-images-amazon.com/images/I/41fgZjPnmCL._SX351_BO1,204,203,200_.jpg","Product details
Publisher : SCHOTT MUSIC GmbH & Co KG, Mainz; Das exakte Erscheinungsdatum ist leider unbekannt edition (19 July 1984)
Language : French
Sheet music : 44 pages
ISBN-10 : 000104317X
ISBN-13 : 978-0001043176
Best Sellers Rank: 1,342,919 in Books (See Top 100 in Books)
12,450 in Piano, Vocal & Guitar Songbooks
685,765 in Foreign Language Books"
https://www.amazon.fr/dp/000104317X,Concert es kammerorchester parti musique d'ensemble,"27,08 €","https://images-na.ssl-images-amazon.com/images/I/41fgZjPnmCL._SX351_BO1,204,203,200_.jpg","Détails sur le produit
Éditeur : SCHOTT (1 janvier 2000)
Langue : Français
ISBN-10 : 000104317X
ISBN-13 : 978-0001043176
Poids de l'article : 601 g
Classement des meilleures ventes d'Amazon : 1,850,199 en Livres (Voir les 100 premiers en Livres)
1,682 en Partitions musicales pour l'orchestre et groupes"
https://www.amazon.de/dp/000104348X,"Musik für Kinder: Im Fünftonraum. Vol. 1. Singstimme, Blockflöte und Schlagzeug. Sing- und Spielpartitur. (Orff-Schulwerk)",€8.74,"https://images-na.ssl-images-amazon.com/images/I/419-3yqvVML._SY332_BO1,204,203,200_.jpg","Product details
Publisher : SCHOTT MUSIC GmbH & Co KG, Mainz (21 April 1980)
Language : German
Sheet music : 187 pages
ISBN-10 : 000104348X
ISBN-13 : 978-0001043480
Best Sellers Rank: 1,854,028 in Books (See Top 100 in Books)
525 in Percussion Songbooks
1,992 in Vocal Songbooks
17,990 in Piano, Vocal & Guitar Songbooks
Customer reviews:
1 rating"
https://www.amazon.fr/dp/000104348X,Schulwerk vol. 1 (ted.) (orff/keetman),"à partir de 8,75 €","https://images-na.ssl-images-amazon.com/images/I/419-3yqvVML._SY332_BO1,204,203,200_.jpg","Détails sur le produit
Éditeur : SCHOTT (1 janvier 2000)
Langue : Allemand
ISBN-10 : 000104348X
ISBN-13 : 978-0001043480
Poids de l'article : 701 g
Commentaires client :
1 évaluation"
https://www.amazon.de/dp/000104396X,"5 antike Oden: nach Gedichten von Sappho. op. 57. mittlere Frauenstimme, Viola und Klavier. mittel. Stimmensatz. (Edition Schott)",€32.00,"https://images-na.ssl-images-amazon.com/images/I/41uGG66YO-L._SX379_BO1,204,203,200_.jpg","Product details
Publisher : SCHOTT MUSIC GmbH & Co KG, Mainz (7 May 1985)
Language : German
Sheet music : 32 pages
ISBN-10 : 000104396X
ISBN-13 : 978-0001043961"
https://www.amazon.fr/dp/000104396X,Funf antike oden op. 57 -ensemble de partitions,"à partir de 41,45 €","https://images-na.ssl-images-amazon.com/images/I/41uGG66YO-L._SX379_BO1,204,203,200_.jpg","Détails sur le produit
Éditeur : SCHOTT (1 janvier 1985)
Langue : Allemand
ISBN-10 : 000104396X
ISBN-13 : 978-0001043961
Poids de l'article : 1 kg"
https://www.amazon.es/dp/000106875X,Etuden 1 & 2 orgue,"31,19 €","https://images-na.ssl-images-amazon.com/images/I/31+SH2b7VAL._SY351_BO1,204,203,200_.jpg","Detalles del producto
Editorial : SCHOTT (1 enero 2000)
Idioma : Francés
ISBN-10 : 000106875X
ISBN-13 : 978-0001068759
Peso del producto : 701 g"
https://www.amazon.fr/dp/000106875X,Etuden 1 & 2 orgue,"31,19 €","https://images-na.ssl-images-amazon.com/images/I/31+SH2b7VAL._SY351_BO1,204,203,200_.jpg","Détails sur le produit
Éditeur : SCHOTT (1 janvier 2000)
Langue : Français
ISBN-10 : 000106875X
ISBN-13 : 978-0001068759
Poids de l'article : 701 g"
https://www.amazon.it/dp/000106875X,Etuden 1 & 2 orgue: Orgel.,"31,19 €","https://images-na.ssl-images-amazon.com/images/I/31+SH2b7VAL._SY351_BO1,204,203,200_.jpg","Dettagli prodotto
Editore : SCHOTT (1 gennaio 2000)
Lingua : Francese
Spartito musicale : 12 pagine
ISBN-10 : 000106875X
ISBN-13 : 978-0001068759
Peso articolo : 701 g
Posizione nella classifica Bestseller di Amazon: n. 12,431 in Educazione e insegnamento musicale
n. 23,071 in Strumenti musicali"
https://www.amazon.de/dp/000107119X,COMPLETE SONGS WITH PIANO ACCOMPANIMENT BAND 2 CHANT,—,"https://images-na.ssl-images-amazon.com/images/I/41K3KHLZHNL._SX379_BO1,204,203,200_.jpg","Product details
Publisher : SCHOTT (1 Jan. 1983)
Language : German
ISBN-10 : 000107119X
ISBN-13 : 979-0001071192"
https://www.amazon.fr/dp/000107119X,Complete songs with piano accompaniment band 2 chant,—,"https://images-na.ssl-images-amazon.com/images/I/41K3KHLZHNL._SX379_BO1,204,203,200_.jpg","Détails sur le produit
Éditeur : SCHOTT (1 janvier 1983)
Langue : Allemand
ISBN-10 : 000107119X
ISBN-13 : 979-0001071192
Poids de l'article : 1.5 kg"
https://www.amazon.de/dp/000108142X,Orchester-Probespiel Kontrabass: Sammlung wichtiger Passagen aus der Opern- und Konzertliteratur. Kontrabass.,€26.00,"https://images-na.ssl-images-amazon.com/images/I/61OVNlClEDL._SX379_BO1,204,203,200_.jpg","Product details
Publisher : SCHOTT MUSIC GmbH & Co KG, Mainz; 2. Auflage 2008 (29 Jun. 1992)
Language : French
Sheet music : 62 pages
ISBN-10 : 000108142X
ISBN-13 : 979-0001081429
Dimensions : 20 x 14 x 4 cm
Best Sellers Rank: 920,137 in Books (See Top 100 in Books)
3,638 in String Instruments (Books)
7,973 in Piano, Vocal & Guitar Songbooks
438,243 in Foreign Language Books
Customer reviews:
3 ratings"
https://www.amazon.es/dp/000108142X,Spielbuch orchestre,"desde 25,78 €","https://images-na.ssl-images-amazon.com/images/I/61OVNlClEDL._SX379_BO1,204,203,200_.jpg","Detalles del producto
Editorial : SCHOTT (1 enero 2000)
Idioma : Francés
ISBN-10 : 000108142X
ISBN-13 : 979-0001081429
Peso del producto : 801 g
Dimensiones : 20 x 14 x 4 cm
Clasificación en los más vendidos de Amazon: nº41,468 en Instrumentos musicales (Ver el Top 100 en Instrumentos musicales)
nº3,233 en Instrumentos de cuerda (Instrumentos musicales)
nº5,455 en Bajos y accesorios para bajos
nº28,320 en Música (Libros)
Opiniones de los clientes:
3 valoraciones"
https://www.amazon.fr/dp/000108142X,Spielbuch orchestre,"40,80 €","https://images-na.ssl-images-amazon.com/images/I/61OVNlClEDL._SX379_BO1,204,203,200_.jpg","Détails sur le produit
Éditeur : SCHOTT (1 janvier 2000)
Langue : Français
Partition : 62 pages
ISBN-10 : 000108142X
ISBN-13 : 979-0001081429
Poids de l'article : 801 g
Dimensions : 20 x 14 x 4 cm
Commentaires client :
3 évaluations"
https://www.amazon.de/dp/000108173X,Wir hören und spielen: Ein Weg zum absoluten Gehör. Band 3. Klavier.,€32.00,"https://images-na.ssl-images-amazon.com/images/I/51d3H5bMOmL._SY363_BO1,204,203,200_.jpg","Product details
Publisher : SCHOTT MUSIC GmbH & Co KG, Mainz (17 Jan. 1994)
Language : German
Sheet music : 136 pages
ISBN-10 : 000108173X
ISBN-13 : 978-0001081734
Best Sellers Rank: 164,488 in Books (See Top 100 in Books)
178 in Music Techniques
383 in Piano & Keyboards Songbooks
410 in Elementary Education
Customer reviews:
2 ratings"
https://www.amazon.fr/dp/000108173X,Wir horen und spielen band 3 piano,"à partir de 41,45 €","https://images-na.ssl-images-amazon.com/images/I/51d3H5bMOmL._SY363_BO1,204,203,200_.jpg","Détails sur le produit
Éditeur : SCHOTT (1 janvier 1994)
Langue : Allemand
ISBN-10 : 000108173X
ISBN-13 : 978-0001081734
Poids de l'article : 1.1 kg
Commentaires client :
2 évaluations"
https://www.amazon.fr/dp/000108299X,Arien(2) (grand macabre) 2e akte,"à partir de 28,78 €","https://images-na.ssl-images-amazon.com/images/I/41usGis9EJL._SX379_BO1,204,203,200_.jpg","Détails sur le produit
Éditeur : SCHOTT (1 janvier 2000)
Langue : Français
ISBN-10 : 000108299X
ISBN-13 : 978-0001082991
Poids de l'article : 801 g"
https://www.amazon.it/dp/000108299X,Arien(2) (grand macabre) 2e akte,—,"https://images-na.ssl-images-amazon.com/images/I/41usGis9EJL._SX379_BO1,204,203,200_.jpg","Dettagli prodotto
Editore : SCHOTT (1 gennaio 2000)
Lingua : Francese
Spartito musicale : 32 pagine
ISBN-10 : 000108299X
ISBN-13 : 978-0001082991
Peso articolo : 801 g"
https://www.amazon.fr/dp/000108657X,Fantasie c piano,"9,03 €","https://images-na.ssl-images-amazon.com/images/I/41qQkCHj52L._SX375_BO1,204,203,200_.jpg","Détails sur le produit
Éditeur : SCHOTT (1 janvier 2000)
Langue : Français
ISBN-10 : 000108657X
ISBN-13 : 978-0001086579
Poids de l'article : 201 g
Dimensions : 20 x 14 x 4 cm"
https://www.amazon.it/dp/000108657X,Fantasie c piano,"9,03 €","https://images-na.ssl-images-amazon.com/images/I/41qQkCHj52L._SX375_BO1,204,203,200_.jpg","Dettagli prodotto
Editore : SCHOTT (1 gennaio 2000)
Lingua : Francese
Spartito musicale : 12 pagine
ISBN-10 : 000108657X
ISBN-13 : 978-0001086579
Peso articolo : 201 g
Dimensioni : 20 x 14 x 4 cm"
https://www.amazon.de/dp/000108660X,Le Coucou: Rondeau. Klavier. (Edition Schott Einzelausgabe),€1.20,"https://images-na.ssl-images-amazon.com/images/I/41am5Cllb9L._SX379_BO1,204,203,200_.jpg","Product details
Publisher : SCHOTT MUSIC GmbH & Co KG, Mainz (6 Jan. 1984)
Language : French
Sheet music : 8 pages
ISBN-10 : 000108660X
ISBN-13 : 978-0001086609
Best Sellers Rank: 1,869,793 in Books (See Top 100 in Books)
4,326 in Piano & Keyboards Songbooks
18,138 in Piano, Vocal & Guitar Songbooks
1,019,658 in Foreign Language Books
Customer reviews:
3 ratings"
https://www.amazon.fr/dp/000108660X,Coucou piano,"à partir de 18,09 €","https://images-na.ssl-images-amazon.com/images/I/41am5Cllb9L._SX379_BO1,204,203,200_.jpg","Détails sur le produit
Éditeur : SCHOTT (1 janvier 2000)
Langue : Français
ISBN-10 : 000108660X
ISBN-13 : 978-0001086609
Poids de l'article : 201 g
Classement des meilleures ventes d'Amazon : 580,803 en Livres (Voir les 100 premiers en Livres)
1,430 en Partitions musicales pour le clavier et synthétiseur
Commentaires client :
3 évaluations"
https://www.amazon.de/dp/000108688X,Adelaide: op. 46. mittlere Singstimme und Klavier. (Edition Schott Einzelausgabe),€6.50,"https://images-na.ssl-images-amazon.com/images/I/41zo5m7iCzL._SX379_BO1,204,203,200_.jpg","Product details
Publisher : SCHOTT MUSIC GmbH & Co KG, Mainz (30 Jun. 1976)
Language : German, English, French
Sheet music : 12 pages
ISBN-10 : 000108688X
ISBN-13 : 978-0001086883
Customer reviews:
2 ratings"
https://www.amazon.fr/dp/000108688X,Adelaide op.46,"13,20 €","https://images-na.ssl-images-amazon.com/images/I/41zo5m7iCzL._SX379_BO1,204,203,200_.jpg","Détails sur le produit
Éditeur : SCHOTT (1 janvier 2000)
Langue : Allemand, Anglais, Français
ISBN-10 : 000108688X
ISBN-13 : 978-0001086883
Poids de l'article : 201 g
Commentaires client :
2 évaluations"
https://www.amazon.de/dp/000108898X,Cavatine: op. 85/3. Violine (Violoncello) und Klavier. (Edition Schott Einzelausgabe),from €10.12,"https://images-na.ssl-images-amazon.com/images/I/410JKNeHjbL._SX379_BO1,204,203,200_.jpg","Product details
Publisher : SCHOTT MUSIC GmbH & Co KG, Mainz (15 Mar. 1979)
Language : French
Sheet music : 8 pages
ISBN-10 : 000108898X
ISBN-13 : 979-0001088985
Best Sellers Rank: 2,105,913 in Books (See Top 100 in Books)
3,523 in Strings Songbooks
20,608 in Piano, Vocal & Guitar Songbooks
1,181,885 in Foreign Language Books"
https://www.amazon.fr/dp/000108898X,Cavatine opus 85/3 violon,"à partir de 16,12 €","https://images-na.ssl-images-amazon.com/images/I/410JKNeHjbL._SX379_BO1,204,203,200_.jpg","Détails sur le produit
Éditeur : SCHOTT (1 janvier 2000)
Langue : Français
ISBN-10 : 000108898X
ISBN-13 : 979-0001088985
Poids de l'article : 201 g"
https://www.amazon.de/dp/000108917X,Gnomenreigen: Konzert-Etüde. Klavier. (Edition Schott Einzelausgabe),€5.50,"https://images-na.ssl-images-amazon.com/images/I/41A1-6T49fL._SX379_BO1,204,203,200_.jpg","Product details
Publisher : SCHOTT MUSIC GmbH & Co KG, Mainz (15 Mar. 1978)
Language : French
Sheet music : 12 pages
ISBN-10 : 000108917X
ISBN-13 : 978-0001089174
Best Sellers Rank: 1,705,553 in Books (See Top 100 in Books)
3,943 in Piano & Keyboards Songbooks
16,378 in Piano, Vocal & Guitar Songbooks
911,775 in Foreign Language Books
Customer reviews:
1 rating"
https://www.amazon.fr/dp/000108917X,Gnomenreigen piano,"9,03 €","https://images-na.ssl-images-amazon.com/images/I/41A1-6T49fL._SX379_BO1,204,203,200_.jpg","Détails sur le produit
Éditeur : SCHOTT (1 janvier 2000)
Langue : Français
ISBN-10 : 000108917X
ISBN-13 : 978-0001089174
Poids de l'article : 201 g
Commentaires client :
1 évaluation"
https://www.amazon.de/dp/000109212X,Moto perpetuo: op. 11. Violine und Klavier. (Edition Schott Einzelausgabe),€6.50,"https://images-na.ssl-images-amazon.com/images/I/41L-o9AvBSL._SX379_BO1,204,203,200_.jpg","Product details
Publisher : SCHOTT MUSIC GmbH & Co KG, Mainz (26 Aug. 1985)
Language : French
Sheet music : 16 pages
ISBN-10 : 000109212X
ISBN-13 : 978-0001092129
Best Sellers Rank: 4,377,210 in Books (See Top 100 in Books)
1,526 in Violins (Books)
6,290 in Strings Songbooks
39,563 in Piano, Vocal & Guitar Songbooks
Customer reviews:
2 ratings"
https://www.amazon.fr/dp/000109212X,Moto perpetuo violon,"10,60 €","https://images-na.ssl-images-amazon.com/images/I/41L-o9AvBSL._SX379_BO1,204,203,200_.jpg","Détails sur le produit
Éditeur : SCHOTT (1 janvier 2000)
Langue : Français
ISBN-10 : 000109212X
ISBN-13 : 978-0001092129
Poids de l'article : 201 g
Commentaires client :
2 évaluations"
https://www.amazon.de/dp/000109257X,Happy Birthday: Humoristische Variationen über ein Geburtstagslied. Klavier 4-händig. (Edition Schott Einzelausgabe),€6.50,"https://images-na.ssl-images-amazon.com/images/I/41wLZGTLuGL._SX379_BO1,204,203,200_.jpg","Product details
Publisher : SCHOTT MUSIC GmbH & Co KG, Mainz (13 Jan. 1988)
Language : French
Sheet music : 16 pages
ISBN-10 : 000109257X
ISBN-13 : 978-0001092570
Best Sellers Rank: 1,288,239 in Books (See Top 100 in Books)
2,971 in Piano & Keyboards Songbooks
11,852 in Piano, Vocal & Guitar Songbooks
653,115 in Foreign Language Books
Customer reviews:
1 rating"
https://www.amazon.fr/dp/000109257X,Happy birthday piano,"à partir de 19,20 €","https://images-na.ssl-images-amazon.com/images/I/41wLZGTLuGL._SX379_BO1,204,203,200_.jpg","Détails sur le produit
Éditeur : SCHOTT (1 janvier 2000)
Langue : Français
ISBN-10 : 000109257X
ISBN-13 : 978-0001092570
Poids de l'article : 201 g
Commentaires client :
1 évaluation"
https://www.amazon.de/dp/000109453X,6 Duos: op. 1. 2 Flöten. Spielpartitur. (Edition Schott),€24.50,"https://images-na.ssl-images-amazon.com/images/I/41yNWRfXqDL._SX379_BO1,204,203,200_.jpg","Product details
Publisher : SCHOTT MUSIC GmbH & Co KG, Mainz (8 Mar. 1994)
Language : French
Sheet music : 56 pages
ISBN-10 : 000109453X
ISBN-13 : 978-0001094536
Best Sellers Rank: 3,516,191 in Books (See Top 100 in Books)
1,010 in Flute Songbooks
33,890 in Piano, Vocal & Guitar Songbooks
2,256,301 in Foreign Language Books
Customer reviews:
1 rating"
https://www.amazon.fr/dp/000109453X,Duos(6) opus 1 flute traversiere,"33,14 €","https://images-na.ssl-images-amazon.com/images/I/41yNWRfXqDL._SX379_BO1,204,203,200_.jpg","Détails sur le produit
Éditeur : SCHOTT (1 janvier 2000)
Langue : Français
ISBN-10 : 000109453X
ISBN-13 : 978-0001094536
Poids de l'article : 701 g
Commentaires client :
1 évaluation"
https://www.amazon.de/dp/000109825X,Csárdás-Kompositionen: Klarinette und Klavier. (Edition Schott),€16.00,"https://images-na.ssl-images-amazon.com/images/I/41vzotqLOgL._SX379_BO1,204,203,200_.jpg","Product details
Publisher : SCHOTT MUSIC GmbH & Co KG, Mainz (3 Oct. 1988)
Language : French
Sheet music : 31 pages
ISBN-10 : 000109825X
ISBN-13 : 979-0001098250
Best Sellers Rank: 1,784,727 in Books (See Top 100 in Books)
220 in Clarinet Songbooks
17,231 in Piano, Vocal & Guitar Songbooks
963,036 in Foreign Language Books
Customer reviews:
1 rating"
https://www.amazon.fr/dp/000109825X,Csardas-kompositionen clarinette,"26,26 €","https://images-na.ssl-images-amazon.com/images/I/41vzotqLOgL._SX379_BO1,204,203,200_.jpg","Détails sur le produit
Éditeur : SCHOTT (1 janvier 2000)
Langue : Français
ISBN-10 : 000109825X
ISBN-13 : 979-0001098250
Poids de l'article : 120 g
Classement des meilleures ventes d'Amazon : 1,013,995 en Livres (Voir les 100 premiers en Livres)
244 en Partitions musicales pour la clarinette
288 en Clarinettes (Livres)
Commentaires client :
1 évaluation"
https://www.amazon.de/dp/000110733X,"Sérénade espagnole: Violine und Klavier. (Edition Schott, Nr. 26)",€9.00,"https://images-na.ssl-images-amazon.com/images/I/419YG5nPHEL._SX380_BO1,204,203,200_.jpg","Product details
Publisher : SCHOTT MUSIC GmbH & Co KG, Mainz (26 Aug. 1985)
Language : French
Sheet music : 8 pages
ISBN-10 : 000110733X
ISBN-13 : 978-0001107335
Best Sellers Rank: 4,510,964 in Books (See Top 100 in Books)
1,556 in Violins (Books)
40,469 in Piano, Vocal & Guitar Songbooks
3,080,687 in Foreign Language Books"
https://www.amazon.fr/dp/000110733X,Serenata spagnola (kreisler) violon,"14,77 €","https://images-na.ssl-images-amazon.com/images/I/419YG5nPHEL._SX380_BO1,204,203,200_.jpg","Détails sur le produit
Éditeur : SCHOTT (1 janvier 2000)
Langue : Français
Partition : 7 pages
ISBN-10 : 000110733X
ISBN-13 : 978-0001107335
Poids de l'article : 401 g
Classement des meilleures ventes d'Amazon : 1,971,431 en Livres (Voir les 100 premiers en Livres)
1,418 en Violons (Livres)
6,957 en Partitions musicales pour les instruments à cordes"
https://www.amazon.de/dp/000111252X,Eingedunkelt: Neun Gedichte nach Paul Celan. Alt-Solo. Alt.,from €18.00,"https://images-na.ssl-images-amazon.com/images/I/41suSIrxOHL._SX379_BO1,204,203,200_.jpg","Product details
Publisher : SCHOTT MUSIC GmbH & Co KG, Mainz (22 Dec. 1995)
Language : German
Sheet music : 16 pages
ISBN-10 : 000111252X
ISBN-13 : 979-0001112529
Best Sellers Rank: 3,065,299 in Books (See Top 100 in Books)
29,890 in Piano, Vocal & Guitar Songbooks"
https://www.amazon.fr/dp/000111252X,Eingedunkelt,"à partir de 25,94 €","https://images-na.ssl-images-amazon.com/images/I/41suSIrxOHL._SX379_BO1,204,203,200_.jpg","Détails sur le produit
Éditeur : SCHOTT (1 janvier 1995)
Langue : Allemand
ISBN-10 : 000111252X
ISBN-13 : 979-0001112529
Poids de l'article : 601 g"
https://www.amazon.de/dp/000115687X,"Viola Spaces: Contemporary Viola Studies. Band 1. Viola. (Essential Exercises, Band 1)",from €22.19,"https://images-na.ssl-images-amazon.com/images/I/41Y-4h2wgsL._SX379_BO1,204,203,200_.jpg","Product details
Publisher : SCHOTT MUSIC GmbH & Co KG, Mainz (9 Mar. 2009)
Language : German, English
Sheet music : 48 pages
ISBN-10 : 000115687X
ISBN-13 : 978-0001156876
Best Sellers Rank: 3,933,214 in Books (See Top 100 in Books)
100 in Viola Songbooks
13,546 in String Instruments (Books)
18,355 in Music Instruction & Study"
https://www.amazon.fr/dp/000115687X,Viola spaces vol. 1 alto,"43,02 €","https://images-na.ssl-images-amazon.com/images/I/41Y-4h2wgsL._SX379_BO1,204,203,200_.jpg","Détails sur le produit
Éditeur : SCHOTT (1 janvier 2009)
Langue : Allemand, Anglais
ISBN-10 : 000115687X
ISBN-13 : 978-0001156876
Poids de l'article : 801 g"
https://www.amazon.de/dp/000416041X,Klaviertrio G-Dur Hob XV:15 (EB 1131),€13.90,"https://images-na.ssl-images-amazon.com/images/I/41zx75efEBL._SX376_BO1,204,203,200_.jpg","Product details
Publisher : Breitkopf & Härtel (31 May 1966)
Language : German
Paperback : 40 pages
ISBN-10 : 000416041X
ISBN-13 : 979-0004160411
Best Sellers Rank: 3,642,440 in Books (See Top 100 in Books)
68,139 in Scores, Songbooks & Lyrics"
https://www.amazon.fr/dp/000416041X,Klavier-trio g-dur hob xv: 15,"à partir de 15,38 €","https://images-na.ssl-images-amazon.com/images/I/41zx75efEBL._SX376_BO1,204,203,200_.jpg","Détails sur le produit
Éditeur : BREITKOPF (1 janvier 2000)
Langue : Allemand
Broché : 40 pages
ISBN-10 : 000416041X
ISBN-13 : 979-0004160411
Poids de l'article : 401 g"
https://www.amazon.de/dp/000416105X,VIOLINKONZERT 2 D-DUR KV 211,€3.85,"https://images-na.ssl-images-amazon.com/images/I/51Qp-R83kUL._SX375_BO1,204,203,200_.jpg","Product details
Publisher : BREITKOPF (1 Jan. 2000)
Language : French
ISBN-10 : 000416105X
ISBN-13 : 978-0004161051"
https://www.amazon.fr/dp/000416105X,Violinkonzert 2 d-dur kv 211,"25,02 €","https://images-na.ssl-images-amazon.com/images/I/51Qp-R83kUL._SX375_BO1,204,203,200_.jpg","Détails sur le produit
Éditeur : BREITKOPF (1 janvier 2000)
Langue : Français
ISBN-10 : 000416105X
ISBN-13 : 978-0004161051
Poids de l'article : 340 g"
https://www.amazon.fr/dp/000416198X,"2 divertimenti kv 252, kv 240","22,37 €","https://images-na.ssl-images-amazon.com/images/I/41H73ri0GDL._SX348_BO1,204,203,200_.jpg","Détails sur le produit
Éditeur : BREITKOPF (1 janvier 2000)
Langue : Allemand
Broché : 36 pages
ISBN-10 : 000416198X
ISBN-13 : 978-0004161983
Poids de l'article : 1 kg"
https://www.amazon.it/dp/000416198X,"2 leichte Divertimenti für Violine (Oboe), Cello (Fagott) und Klavier - Es-dur KV 252 (240a) und B-dur KV 240 - Bearbeitung (EB 3810)","22,37 €","https://images-na.ssl-images-amazon.com/images/I/41H73ri0GDL._SX348_BO1,204,203,200_.jpg","Dettagli prodotto
Editore : Breitkopf & Härtel (1 gennaio 2000)
Lingua : Tedesco
Copertina flessibile : 36 pagine
ISBN-10 : 000416198X
ISBN-13 : 978-0004161983
Peso articolo : 1 kg"
https://www.amazon.de/dp/000416413X,"Il Re pastore KV 208 - L'amerò, sarò costante - Arie der Aminta - Ausgabe für Sorpan, Violine und Klavier (EB 5473)",€7.90,"https://images-na.ssl-images-amazon.com/images/I/41YwjHe4wkL._SX376_BO1,204,203,200_.jpg","Product details
Publisher : Breitkopf & Härtel (5 Nov. 1963)
Language : German
Sheet music : 10 pages
ISBN-10 : 000416413X
ISBN-13 : 978-0004164137
Best Sellers Rank: 191,875 in Books (See Top 100 in Books)
186 in Scores, Songbooks & Lyrics for Opera & Classical Music"
https://www.amazon.fr/dp/000416413X,L'amero/dein bin ich kv 208,"10,55 €","https://images-na.ssl-images-amazon.com/images/I/41YwjHe4wkL._SX376_BO1,204,203,200_.jpg","Détails sur le produit
Éditeur : BREITKOPF (1 janvier 2000)
Langue : Allemand
Partition : 10 pages
ISBN-10 : 000416413X
ISBN-13 : 978-0004164137
Poids de l'article : 201 g"
https://www.amazon.de/dp/000416444X,Sonate op. 41 - Ausgabe für Fagott und Klavier (EB 5567),€35.90,"https://images-na.ssl-images-amazon.com/images/I/41aptNQZHrL._SX375_BO1,204,203,200_.jpg","Product details
Publisher : Breitkopf & Härtel (21 Mar. 1961)
Language : German
Paperback : 36 pages
ISBN-10 : 000416444X
ISBN-13 : 978-0004164441"
https://www.amazon.fr/dp/000416444X,Sonate op. 41 basson,"34,45 €","https://images-na.ssl-images-amazon.com/images/I/41aptNQZHrL._SX375_BO1,204,203,200_.jpg","Détails sur le produit
Éditeur : BREITKOPF (1 janvier 2000)
Langue : Allemand
Broché : 36 pages
ISBN-10 : 000416444X
ISBN-13 : 978-0004164441
Poids de l'article : 140 g"
https://www.amazon.de/dp/000416508X,Quintett B-dur op. 34 - Breitkopf Urtext - Stimmensatz (EB 5830),€25.90,"https://images-na.ssl-images-amazon.com/images/I/41QN-6dasEL._SX381_BO1,204,203,200_.jpg","Product details
Publisher : Breitkopf & Härtel (29 April 1966)
Language : German
Paperback : 68 pages
ISBN-10 : 000416508X
ISBN-13 : 978-0004165080
Dimensions : 30.51 x 23.01 x 0.48 cm"
https://www.amazon.fr/dp/000416508X,Quintett b-dur op. 34 clarinette,"36,44 €","https://images-na.ssl-images-amazon.com/images/I/41QN-6dasEL._SX381_BO1,204,203,200_.jpg","Détails sur le produit
Éditeur : BREITKOPF (1 janvier 2000)
Langue : Allemand
Broché : 68 pages
ISBN-10 : 000416508X
ISBN-13 : 978-0004165080
Poids de l'article : 500 g
Dimensions : 30.51 x 23.01 x 0.48 cm"
https://www.amazon.de/dp/000416511X,Sonate B-dur für Flöte und Klavier (EB 5879),€15.90,"https://images-na.ssl-images-amazon.com/images/I/515ZbxjDfLL._SX372_BO1,204,203,200_.jpg","Product details
Publisher : Breitkopf & Härtel (14 Feb. 1969)
Language : German
Sheet music : 36 pages
ISBN-10 : 000416511X
ISBN-13 : 979-0004165119
Best Sellers Rank: 2,454,866 in Books (See Top 100 in Books)
24,209 in Piano, Vocal & Guitar Songbooks"
https://www.amazon.fr/dp/000416511X,Sonate bes flute traversiere,"20,96 €","https://images-na.ssl-images-amazon.com/images/I/515ZbxjDfLL._SX372_BO1,204,203,200_.jpg","Détails sur le produit
Éditeur : BREITKOPF (1 janvier 2000)
Langue : Allemand
Partition : 36 pages
ISBN-10 : 000416511X
ISBN-13 : 979-0004165119
Poids de l'article : 501 g
Classement des meilleures ventes d'Amazon : 1,719,886 en Livres (Voir les 100 premiers en Livres)
885 en Flûtes
3,147 en Partitions musicales pour les bois"
https://www.amazon.fr/dp/000416816X,Chaconne d-moll aus bwv 1004,"13,93 €","https://images-na.ssl-images-amazon.com/images/I/41lrIDbi75L._SX368_BO1,204,203,200_.jpg","Détails sur le produit
Éditeur : BREITKOPF (1 janvier 2000)
Langue : Allemand
Partition : 16 pages
ISBN-10 : 000416816X
ISBN-13 : 978-0004168166
Poids de l'article : 401 g"
https://www.amazon.it/dp/000416816X,Chaconne aus der Partita II d-moll BWV 1004 Bearbeitung für Cembalo (EB 6594),"13,93 €","https://images-na.ssl-images-amazon.com/images/I/41lrIDbi75L._SX368_BO1,204,203,200_.jpg","Dettagli prodotto
Editore : Breitkopf & Härtel (1 gennaio 2000)
Lingua : Tedesco
Spartito musicale : 16 pagine
ISBN-10 : 000416816X
ISBN-13 : 978-0004168166
Peso articolo : 401 g"
https://www.amazon.de/dp/000416976X,LITANIAE DE VENERABILI KV 243,€11.65,"https://images-na.ssl-images-amazon.com/images/I/414wyAfP+WL._SX350_BO1,204,203,200_.jpg","Product details
Publisher : BREITKOPF (1 Jan. 2000)
Language : French
ISBN-10 : 000416976X
ISBN-13 : 979-0004169766"
https://www.amazon.fr/dp/000416976X,Litaniae de venerabili kv 243,"11,05 €","https://images-na.ssl-images-amazon.com/images/I/414wyAfP+WL._SX350_BO1,204,203,200_.jpg","Détails sur le produit
Éditeur : BREITKOPF (1 janvier 2000)
Langue : Français
ISBN-10 : 000416976X
ISBN-13 : 979-0004169766
Poids de l'article : 501 g"
https://www.amazon.de/dp/000417156X,"Kantate 2 Ach Gott, Vom",€8.16,"https://images-na.ssl-images-amazon.com/images/I/41Suo9QtJ2L._SX350_BO1,204,203,200_.jpg","Product details
Publisher : BREITKOPF; Klavierauszug deutsch/englisch edition (1 Jan. 2000)
Language : French
Sheet music : 27 pages
ISBN-10 : 000417156X
ISBN-13 : 979-0004171561
Dimensions : 27 x 19 x 0.41 cm"
https://www.amazon.fr/dp/000417156X,"Kantate 2 ach gott, vom","5,84 €","https://images-na.ssl-images-amazon.com/images/I/41Suo9QtJ2L._SX350_BO1,204,203,200_.jpg","Détails sur le produit
Éditeur : BREITKOPF (1 janvier 2000)
Langue : Français
ISBN-10 : 000417156X
ISBN-13 : 979-0004171561
Poids de l'article : 201 g
Dimensions : 27 x 19 x 0.41 cm"
https://www.amazon.de/dp/000417173X,Kantate 19 Es Erhub Sich Ein,€11.26,"https://images-na.ssl-images-amazon.com/images/I/41xQZu3zHbL._SX351_BO1,204,203,200_.jpg","Product details
Publisher : BREITKOPF; Klavierauszug Leipzig 1983 edition (1 Jan. 2000)
Language : French
Sheet music : 28 pages
ISBN-10 : 000417173X
ISBN-13 : 978-0004171739"
https://www.amazon.fr/dp/000417173X,Kantate 19 es erhub sich ein,"7,45 €","https://images-na.ssl-images-amazon.com/images/I/41xQZu3zHbL._SX351_BO1,204,203,200_.jpg","Détails sur le produit
Éditeur : BREITKOPF (1 janvier 2000)
Langue : Français
ISBN-10 : 000417173X
ISBN-13 : 978-0004171739
Poids de l'article : 301 g"
https://www.amazon.de/dp/000417206X,"Kantate 52 Falsche Welt, Dir",€7.39,"https://images-na.ssl-images-amazon.com/images/I/41mTrzyK76L._SX349_BO1,204,203,200_.jpg","Product details
Publisher : BREITKOPF; Klavierauszug Leipzig 1984 edition (1 Jan. 2000)
Language : French
Sheet music : 20 pages
ISBN-10 : 000417206X
ISBN-13 : 978-0004172064
Best Sellers Rank: 4,528,809 in Books (See Top 100 in Books)
1,726 in Choral Songbooks
3,095,931 in Foreign Language Books
Customer reviews:
1 rating"
https://www.amazon.fr/dp/000417206X,"Kantate 52 falsche welt, dir","6,21 €","https://images-na.ssl-images-amazon.com/images/I/41mTrzyK76L._SX349_BO1,204,203,200_.jpg","Détails sur le produit
Éditeur : BREITKOPF (1 janvier 2000)
Langue : Français
ISBN-10 : 000417206X
ISBN-13 : 978-0004172064
Poids de l'article : 201 g"
https://www.amazon.de/dp/000417237X,KANTATE 083 ERFREUTE ZEIT IM,€6.50,"https://images-na.ssl-images-amazon.com/images/I/41d0FaBiSTL._SX344_BO1,204,203,200_.jpg","Product details
Publisher : BREITKOPF; Klavierauszug Leipzig 1988 edition (1 Jan. 2000)
Language : French
Sheet music : 18 pages
ISBN-10 : 000417237X
ISBN-13 : 979-0004172377"
https://www.amazon.fr/dp/000417237X,Kantate 083 erfreute zeit im,"à partir de 6,90 €","https://images-na.ssl-images-amazon.com/images/I/41d0FaBiSTL._SX344_BO1,204,203,200_.jpg","Détails sur le produit
Éditeur : BREITKOPF (1 janvier 2000)
Langue : Français
ISBN-10 : 000417237X
ISBN-13 : 979-0004172377
Poids de l'article : 201 g"
https://www.amazon.de/dp/000417240X,"Kantate 86 Wahrlich, Wahrlich",€6.50,"https://images-na.ssl-images-amazon.com/images/I/41aWBN0BW1L._SX350_BO1,204,203,200_.jpg","Product details
Publisher : BREITKOPF; Klavierauszug Leipzig 1983 edition (1 Jan. 2000)
Language : French
Paperback : 20 pages
ISBN-10 : 000417240X
ISBN-13 : 979-0004172407"
https://www.amazon.fr/dp/000417240X,"Kantate 86 wahrlich, wahrlich",—,"https://images-na.ssl-images-amazon.com/images/I/41aWBN0BW1L._SX350_BO1,204,203,200_.jpg","Détails sur le produit
Éditeur : BREITKOPF (1 janvier 2000)
Langue : Français
ISBN-10 : 000417240X
ISBN-13 : 979-0004172407
Poids de l'article : 201 g"
https://www.amazon.de/dp/000417268X,Kantate 114 Ach Lieben,€8.50,"https://images-na.ssl-images-amazon.com/images/I/41mIiAzCWsL._SX349_BO1,204,203,200_.jpg","Product details
Publisher : BREITKOPF; Klavierauszug Leipzig 1985 edition (1 Jan. 2000)
Language : French
Paperback : 28 pages
ISBN-10 : 000417268X
ISBN-13 : 979-0004172681"
https://www.amazon.fr/dp/000417268X,Kantate 114 ach lieben,"à partir de 9,00 €","https://images-na.ssl-images-amazon.com/images/I/41mIiAzCWsL._SX349_BO1,204,203,200_.jpg","Détails sur le produit
Éditeur : BREITKOPF (1 janvier 2000)
Langue : Français
ISBN-10 : 000417268X
ISBN-13 : 979-0004172681
Poids de l'article : 201 g"
https://www.amazon.de/dp/000417271X,Kantate 117 Sie Lob Und Ehr,€9.15,"https://images-na.ssl-images-amazon.com/images/I/41hlFmvlMsL._SX351_BO1,204,203,200_.jpg","Product details
Publisher : BREITKOPF; Klavierauszug deutsch/englisch edition (1 Jan. 2000)
Language : French
Pamphlet : 28 pages
ISBN-10 : 000417271X
ISBN-13 : 978-0004172712
Best Sellers Rank: 3,000,791 in Books (See Top 100 in Books)
1,209 in Choral Songbooks
1,846,563 in Foreign Language Books"
https://www.amazon.fr/dp/000417271X,Kantate 117 sie lob und ehr,"6,85 €","https://images-na.ssl-images-amazon.com/images/I/41hlFmvlMsL._SX351_BO1,204,203,200_.jpg","Détails sur le produit
Éditeur : BREITKOPF (1 janvier 2000)
Langue : Français
ISBN-10 : 000417271X
ISBN-13 : 978-0004172712
Poids de l'article : 201 g"
https://www.amazon.de/dp/000417318X,"Bach, Kantate 164, Ihr, die ihr euch von Christo nennet",€7.39,"https://images-na.ssl-images-amazon.com/images/I/41+g+QbpBFL._SX381_BO1,204,203,200_.jpg","Product details
Publisher : BREITKOPF; Klavierauszug Leipzig 1986 edition (1 Jan. 2000)
Language : French
Paperback : 20 pages
ISBN-10 : 000417318X
ISBN-13 : 979-0004173183"
https://www.amazon.fr/dp/000417318X,Kantate 164 ihr die ihr euch,"à partir de 8,40 €","https://images-na.ssl-images-amazon.com/images/I/41+g+QbpBFL._SX381_BO1,204,203,200_.jpg","Détails sur le produit
Éditeur : BREITKOPF (1 janvier 2000)
Langue : Français
ISBN-10 : 000417318X
ISBN-13 : 979-0004173183
Poids de l'article : 201 g"
https://www.amazon.de/dp/000417335X,Kantate 181 Leichtgesinnte,€6.50,"https://images-na.ssl-images-amazon.com/images/I/31D4bTOuJaL._SX350_BO1,204,203,200_.jpg","Product details
Publisher : BREITKOPF (1 Jan. 2000)
Language : French
ISBN-10 : 000417335X
ISBN-13 : 978-0004173351"
https://www.amazon.fr/dp/000417335X,Kantate 181 leichtgesinnte,"à partir de 2,69 €","https://images-na.ssl-images-amazon.com/images/I/31D4bTOuJaL._SX350_BO1,204,203,200_.jpg","Détails sur le produit
Éditeur : BREITKOPF (1 janvier 2000)
Langue : Français
ISBN-10 : 000417335X
ISBN-13 : 978-0004173351
Poids de l'article : 201 g"
https://www.amazon.de/dp/000417805X,Fantasie über den Choral 'Ein feste Burg ist unser Gott' op. 27 für Orgel - Breitkopf Urtext (EB 8512),€11.90,"https://images-na.ssl-images-amazon.com/images/I/418j2w9CkKL._SX366_BO1,204,203,200_.jpg","Product details
Publisher : Breitkopf & Härtel (9 Aug. 1990)
Language : German
Paperback : 20 pages
ISBN-10 : 000417805X
ISBN-13 : 978-0004178059
Best Sellers Rank: 3,628,623 in Books (See Top 100 in Books)
8,045 in Piano & Keyboards Songbooks"
https://www.amazon.fr/dp/000417805X,Choralfantasie feste burg orgue,"à partir de 26,09 €","https://images-na.ssl-images-amazon.com/images/I/418j2w9CkKL._SX366_BO1,204,203,200_.jpg","Détails sur le produit
Éditeur : BREITKOPF (1 janvier 2000)
Langue : Allemand
Broché : 20 pages
ISBN-10 : 000417805X
ISBN-13 : 978-0004178059
Poids de l'article : 401 g"
https://www.amazon.de/dp/000417870X,3 Stücke op. 142 für Orgel - 1. Stimmen der Nacht - 2. Violalse mignonne - 3. Romantisch (EB 8584),€13.90,"https://images-na.ssl-images-amazon.com/images/I/51jcnDzKubL._SX376_BO1,204,203,200_.jpg","Product details
Publisher : Breitkopf & Härtel (31 Oct. 1991)
Language : German
Paperback : 24 pages
ISBN-10 : 000417870X
ISBN-13 : 979-0004178706
Best Sellers Rank: 3,838,613 in Books (See Top 100 in Books)
8,397 in Piano & Keyboards Songbooks"
https://www.amazon.fr/dp/000417870X,Stucke(3) op.142 orgue,"18,15 €","https://images-na.ssl-images-amazon.com/images/I/51jcnDzKubL._SX376_BO1,204,203,200_.jpg","Détails sur le produit
Éditeur : BREITKOPF (1 janvier 2000)
Langue : Allemand
Broché : 24 pages
ISBN-10 : 000417870X
ISBN-13 : 979-0004178706
Poids de l'article : 401 g"
https://www.amazon.de/dp/000420736X,L'ARLESIENNE-SUITE NR. 2 ORCHESTRE,from €56.34,"https://images-na.ssl-images-amazon.com/images/I/41ELX18MMVL._SX375_BO1,204,203,200_.jpg","Product details
Publisher : BREITKOPF (1 Jan. 2000)
Language : French
ISBN-10 : 000420736X
ISBN-13 : 979-0004207369"
https://www.amazon.fr/dp/000420736X,L'arlesienne-suite nr. 2 orchestre,"à partir de 52,14 €","https://images-na.ssl-images-amazon.com/images/I/41ELX18MMVL._SX375_BO1,204,203,200_.jpg","Détails sur le produit
Éditeur : BREITKOPF (1 janvier 2000)
Langue : Français
ISBN-10 : 000420736X
ISBN-13 : 979-0004207369
Poids de l'article : 1 kg"
https://www.amazon.de/dp/000421143X,EIN DEUTSCHES REQUIEM 2 KLAV,€92.00,"https://images-na.ssl-images-amazon.com/images/I/41kvwEvPVpL._SY390_BO1,204,203,200_.jpg","Product details
Publisher : BREITKOPF (1 Jan. 2000)
Language : French
ISBN-10 : 000421143X
ISBN-13 : 979-0004211434"
https://www.amazon.fr/dp/000421143X,Ein deutsches requiem 2 klav,"167,99 €","https://images-na.ssl-images-amazon.com/images/I/41kvwEvPVpL._SY390_BO1,204,203,200_.jpg","Détails sur le produit
Éditeur : BREITKOPF (1 janvier 2000)
Langue : Français
ISBN-10 : 000421143X
ISBN-13 : 979-0004211434
Poids de l'article : 2.4 kg"
